INSERT INTO region (id, name) VALUES (1, 'Chin State');
INSERT INTO region (id, name) VALUES (2, 'Kachin State');
INSERT INTO region (id, name) VALUES (3, 'Kayah State');
INSERT INTO region (id, name) VALUES (4, 'Kayin State');
INSERT INTO region (id, name) VALUES (5, 'Mon State');
INSERT INTO region (id, name) VALUES (6, 'Rakhine State');
INSERT INTO region (id, name) VALUES (7, 'Shan State');
INSERT INTO region (id, name) VALUES (8, 'Ayeyarwady Region');
INSERT INTO region (id, name) VALUES (9, 'Bago Region');
INSERT INTO region (id, name) VALUES (10, 'Magway Region');
INSERT INTO region (id, name) VALUES (11, 'Mandalay Region');
INSERT INTO region (id, name) VALUES (12, 'Sagaing Region');
INSERT INTO region (id, name) VALUES (13, 'Tanintharyi Region');
INSERT INTO region (id, name) VALUES (14, 'Yangon Region');
INSERT INTO region (id, name) VALUES (15, 'Naypyidaw Union Territory');

INSERT INTO district (id, name, region_id) VALUES (1, 'Bhamo District', 1);
INSERT INTO district (id, name, region_id) VALUES (2, 'Mohnyin District', 1);
INSERT INTO district (id, name, region_id) VALUES (3, 'Myitkyina District', 1);
INSERT INTO district (id, name, region_id) VALUES (4, 'Putao District', 1);
INSERT INTO district (id, name, region_id) VALUES (5, 'Bawlakhe District', 2);
INSERT INTO district (id, name, region_id) VALUES (6, 'Loikaw District', 2);
INSERT INTO district (id, name, region_id) VALUES (7, 'Hpapun District', 3);
INSERT INTO district (id, name, region_id) VALUES (8, 'Kawkareik District', 3);
INSERT INTO district (id, name, region_id) VALUES (9, 'Myawaddy District', 3);
INSERT INTO district (id, name, region_id) VALUES (10, 'Falam District', 4);
INSERT INTO district (id, name, region_id) VALUES (11, 'Hakha District', 4);
INSERT INTO district (id, name, region_id) VALUES (12, 'Matupi District', 4);
INSERT INTO district (id, name, region_id) VALUES (13, 'Thaton District', 5);
INSERT INTO district (id, name, region_id) VALUES (14, 'Mawlamyine District', 5);
INSERT INTO district (id, name, region_id) VALUES (15, 'Kyaikto District', 5);
INSERT INTO district (id, name, region_id) VALUES (16, 'Sittwe District', 6);
INSERT INTO district (id, name, region_id) VALUES (17, 'Kyaukpyu District', 6);
INSERT INTO district (id, name, region_id) VALUES (18, 'Mrauk-U District', 6);
INSERT INTO district (id, name, region_id) VALUES (19, 'Thandwe District', 6);
INSERT INTO district (id, name, region_id) VALUES (20, 'Ponnagyun District', 6);
INSERT INTO district (id, name, region_id) VALUES (21, 'Lashio District', 7);
INSERT INTO district (id, name, region_id) VALUES (22, 'Kyaukme District', 7);
INSERT INTO district (id, name, region_id) VALUES (23, 'Muse District', 7);
INSERT INTO district (id, name, region_id) VALUES (24, 'Nawnghkio District', 7);
INSERT INTO district (id, name, region_id) VALUES (25, 'Hsipaw District', 7);
INSERT INTO district (id, name, region_id) VALUES (26, 'Kengtung District', 7);
INSERT INTO district (id, name, region_id) VALUES (27, 'Tachileik District', 7);
INSERT INTO district (id, name, region_id) VALUES (28, 'Loilen District', 7);
INSERT INTO district (id, name, region_id) VALUES (29, 'Hopang District', 7);
INSERT INTO district (id, name, region_id) VALUES (30, 'Taunggyi District', 7);
INSERT INTO district (id, name, region_id) VALUES (31, 'Hinthada District', 8);
INSERT INTO district (id, name, region_id) VALUES (32, 'Kyonpyaw District', 8);
INSERT INTO district (id, name, region_id) VALUES (33, 'Labutta District', 8);
INSERT INTO district (id, name, region_id) VALUES (34, 'Ma-ubin District', 8);
INSERT INTO district (id, name, region_id) VALUES (35, 'Myanaung District', 8);
INSERT INTO district (id, name, region_id) VALUES (36, 'Myaungmya District', 8);
INSERT INTO district (id, name, region_id) VALUES (37, 'Pathein District', 8);
INSERT INTO district (id, name, region_id) VALUES (38, 'Pyapon District', 8);
INSERT INTO district (id, name, region_id) VALUES (39, 'Bago District', 9);
INSERT INTO district (id, name, region_id) VALUES (40, 'Nyaunglebin District', 9);
INSERT INTO district (id, name, region_id) VALUES (41, 'Nattalin District', 9);
INSERT INTO district (id, name, region_id) VALUES (42, 'Pyay District', 9);
INSERT INTO district (id, name, region_id) VALUES (43, 'Taungoo District', 9);
INSERT INTO district (id, name, region_id) VALUES (44, 'Tharrawaddy District', 9);
INSERT INTO district (id, name, region_id) VALUES (45, 'Gangaw District', 10);
INSERT INTO district (id, name, region_id) VALUES (46, 'Magway District', 10);
INSERT INTO district (id, name, region_id) VALUES (47, 'Minbu District', 10);
INSERT INTO district (id, name, region_id) VALUES (48, 'Pakokku District', 10);
INSERT INTO district (id, name, region_id) VALUES (49, 'Thayet District', 10);
INSERT INTO district (id, name, region_id) VALUES (50, 'Kyaukse District', 11);
INSERT INTO district (id, name, region_id) VALUES (51, 'Mandalay District', 11);
INSERT INTO district (id, name, region_id) VALUES (52, 'Meiktila District', 11);
INSERT INTO district (id, name, region_id) VALUES (53, 'Myingyan District', 11);
INSERT INTO district (id, name, region_id) VALUES (54, 'Nyaung-U District', 11);
INSERT INTO district (id, name, region_id) VALUES (55, 'Pyin Oo Lwin District', 11);
INSERT INTO district (id, name, region_id) VALUES (56, 'Yamethin District', 11);
INSERT INTO district (id, name, region_id) VALUES (57, 'Hkamti District', 12);
INSERT INTO district (id, name, region_id) VALUES (58, 'Kalay District', 12);
INSERT INTO district (id, name, region_id) VALUES (59, 'Katha District', 12);
INSERT INTO district (id, name, region_id) VALUES (60, 'Mawlaik District', 12);
INSERT INTO district (id, name, region_id) VALUES (61, 'Monywa District', 12);
INSERT INTO district (id, name, region_id) VALUES (62, 'Sagaing District', 12);
INSERT INTO district (id, name, region_id) VALUES (63, 'Shwebo District', 12);
INSERT INTO district (id, name, region_id) VALUES (64, 'Tamu District', 12);
INSERT INTO district (id, name, region_id) VALUES (65, 'Dawei District', 13);
INSERT INTO district (id, name, region_id) VALUES (66, 'Kawthoung District', 13);
INSERT INTO district (id, name, region_id) VALUES (67, 'Myeik District', 13);
INSERT INTO district (id, name, region_id) VALUES (68, 'East Yangon District', 14);
INSERT INTO district (id, name, region_id) VALUES (69, 'North Yangon District', 14);
INSERT INTO district (id, name, region_id) VALUES (70, 'South Yangon District', 14);
INSERT INTO district (id, name, region_id) VALUES (71, 'West Yangon District', 14);
INSERT INTO district (id, name, region_id) VALUES (72, 'Dekkhina District', 15);
INSERT INTO district (id, name, region_id) VALUES (73, 'Odaygyiri District', 15);
INSERT INTO district (id, name, region_id) VALUES (74, 'Pobbathiri District', 15);
INSERT INTO district (id, name, region_id) VALUES (75, 'Tatkon District', 15);
INSERT INTO district (id, name, region_id) VALUES (76, 'Zabuthiri District', 15);

INSERT INTO township (id, name, district_id) VALUES (1, 'Bhamo Township', 1);
INSERT INTO township (id, name, district_id) VALUES (2, 'Mansi Township', 1);
INSERT INTO township (id, name, district_id) VALUES (3, 'Momauk Township', 1);
INSERT INTO township (id, name, district_id) VALUES (4, 'Shwegu Township', 1);
INSERT INTO township (id, name, district_id) VALUES (5, 'Mohnyin Township', 2);
INSERT INTO township (id, name, district_id) VALUES (6, 'Hopin Township', 2);
INSERT INTO township (id, name, district_id) VALUES (7, 'Mogaung Township', 2);
INSERT INTO township (id, name, district_id) VALUES (8, 'Hsawlaw Township', 2);
INSERT INTO township (id, name, district_id) VALUES (9, 'Myitkyina Township', 3);
INSERT INTO township (id, name, district_id) VALUES (10, 'Waingmaw Township', 3);
INSERT INTO township (id, name, district_id) VALUES (11, 'Injangyang Township', 3);
INSERT INTO township (id, name, district_id) VALUES (12, 'Tanai Township', 3);
INSERT INTO township (id, name, district_id) VALUES (13, 'Sumprabum Township', 3);
INSERT INTO township (id, name, district_id) VALUES (14, 'Putao Township', 4);
INSERT INTO township (id, name, district_id) VALUES (15, 'Machanbaw Township', 4);
INSERT INTO township (id, name, district_id) VALUES (16, 'Nogmung Township', 4);
INSERT INTO township (id, name, district_id) VALUES (17, 'Khaunglanhpu Township', 4);
INSERT INTO township (id, name, district_id) VALUES (18, 'Bawlakhe Township', 5);
INSERT INTO township (id, name, district_id) VALUES (19, 'Meisei Township', 5);
INSERT INTO township (id, name, district_id) VALUES (20, 'Ywathit Township', 5);
INSERT INTO township (id, name, district_id) VALUES (21, 'Loikaw Township', 6);
INSERT INTO township (id, name, district_id) VALUES (22, 'Demoso Township', 6);
INSERT INTO township (id, name, district_id) VALUES (23, 'Shadaw Township', 6);
INSERT INTO township (id, name, district_id) VALUES (24, 'Hpapun Township', 7);
INSERT INTO township (id, name, district_id) VALUES (25, 'Kawkareik Township', 8);
INSERT INTO township (id, name, district_id) VALUES (26, 'Kyain Seikgyi Township', 8);
INSERT INTO township (id, name, district_id) VALUES (27, 'Waw Lay Township', 8); -- unofficial subdivision
INSERT INTO township (id, name, district_id) VALUES (28, 'Myawaddy Township', 9);
INSERT INTO township (id, name, district_id) VALUES (29, 'Falam Township', 10);
INSERT INTO township (id, name, district_id) VALUES (30, 'Tedim Township', 10);
INSERT INTO township (id, name, district_id) VALUES (31, 'Tonzang Township', 10);
INSERT INTO township (id, name, district_id) VALUES (32, 'Hakha Township', 11);
INSERT INTO township (id, name, district_id) VALUES (33, 'Thantlang Township', 11);
INSERT INTO township (id, name, district_id) VALUES (34, 'Matupi Township', 12);
INSERT INTO township (id, name, district_id) VALUES (35, 'Thaton Township', 13);
INSERT INTO township (id, name, district_id) VALUES (36, 'Paung Township', 13);
INSERT INTO township (id, name, district_id) VALUES (37, 'Bilin Township', 13);
INSERT INTO township (id, name, district_id) VALUES (38, 'Mawlamyine Township', 14);
INSERT INTO township (id, name, district_id) VALUES (39, 'Mudon Township', 14);
INSERT INTO township (id, name, district_id) VALUES (40, 'Thanbyuzayat Township', 14);
INSERT INTO township (id, name, district_id) VALUES (41, 'Ye Township', 14);
INSERT INTO township (id, name, district_id) VALUES (42, 'Kyaikto Township', 15);
INSERT INTO township (id, name, district_id) VALUES (43, 'Sittwe Township', 16);
INSERT INTO township (id, name, district_id) VALUES (44, 'Ponnagyun Township', 16);
INSERT INTO township (id, name, district_id) VALUES (45, 'Rathedaung Township', 16);
INSERT INTO township (id, name, district_id) VALUES (46, 'Pauktaw Township', 16);
INSERT INTO township (id, name, district_id) VALUES (47, 'Kyauktaw Township', 16);
INSERT INTO township (id, name, district_id) VALUES (48, 'Kyaukpyu Township', 17);
INSERT INTO township (id, name, district_id) VALUES (49, 'Ramree Township', 17);
INSERT INTO township (id, name, district_id) VALUES (50, 'Manaung Township', 17);
INSERT INTO township (id, name, district_id) VALUES (51, 'Mrauk-U Township', 18);
INSERT INTO township (id, name, district_id) VALUES (52, 'Minbya Township', 18);
INSERT INTO township (id, name, district_id) VALUES (53, 'Myebon Township', 18);
INSERT INTO township (id, name, district_id) VALUES (54, 'Kyauktaw Township', 18);
INSERT INTO township (id, name, district_id) VALUES (55, 'Thandwe Township', 19);
INSERT INTO township (id, name, district_id) VALUES (56, 'Gwa Township', 19);
INSERT INTO township (id, name, district_id) VALUES (57, 'Toungup Township', 19);
INSERT INTO township (id, name, district_id) VALUES (58, 'Lashio Township', 21);
INSERT INTO township (id, name, district_id) VALUES (59, 'Tangyan Township', 21);
INSERT INTO township (id, name, district_id) VALUES (60, 'Mongyai Township', 21);
INSERT INTO township (id, name, district_id) VALUES (61, 'Kyaukme Township', 22);
INSERT INTO township (id, name, district_id) VALUES (62, 'Hsipaw Township', 22);
INSERT INTO township (id, name, district_id) VALUES (63, 'Namtu Township', 22);
INSERT INTO township (id, name, district_id) VALUES (64, 'Nawnghkio Township', 22);
INSERT INTO township (id, name, district_id) VALUES (65, 'Muse Township', 23);
INSERT INTO township (id, name, district_id) VALUES (66, 'Kutkai Township', 23);
INSERT INTO township (id, name, district_id) VALUES (67, 'Pangsang Township', 23); -- Self-administered
-- Already in Kyaukme; use if split officially
INSERT INTO township (id, name, district_id) VALUES (68, 'Nawnghkio Township', 24);
INSERT INTO township (id, name, district_id) VALUES (69, 'Hsipaw Township', 25);
INSERT INTO township (id, name, district_id) VALUES (70, 'Kengtung Township', 26);
INSERT INTO township (id, name, district_id) VALUES (71, 'Mong Ping Township', 26);
INSERT INTO township (id, name, district_id) VALUES (72, 'Mong Yang Township', 26);
INSERT INTO township (id, name, district_id) VALUES (73, 'Tachileik Township', 27);
INSERT INTO township (id, name, district_id) VALUES (74, 'Mong Hpayak Township', 27);
INSERT INTO township (id, name, district_id) VALUES (75, 'Loilen Township', 28);
INSERT INTO township (id, name, district_id) VALUES (76, 'Mong Nai Township', 28);
INSERT INTO township (id, name, district_id) VALUES (77, 'Laihka Township', 28);
INSERT INTO township (id, name, district_id) VALUES (78, 'Hopang Township', 29);
INSERT INTO township (id, name, district_id) VALUES (79, 'Panlong Township', 29);
INSERT INTO township (id, name, district_id) VALUES (80, 'Taunggyi Township', 30);
INSERT INTO township (id, name, district_id) VALUES (81, 'Kalaw Township', 30);
INSERT INTO township (id, name, district_id) VALUES (82, 'Nyaungshwe Township', 30);
INSERT INTO township (id, name, district_id) VALUES (83, 'Pindaya Township', 30);
INSERT INTO township (id, name, district_id) VALUES (84, 'Hinthada Township', 31);
INSERT INTO township (id, name, district_id) VALUES (85, 'Lemyethna Township', 31);
INSERT INTO township (id, name, district_id) VALUES (86, 'Zalun Township', 31);
INSERT INTO township (id, name, district_id) VALUES (87, 'Kyonpyaw Township', 32);
INSERT INTO township (id, name, district_id) VALUES (88, 'Yekyi Township', 32);
INSERT INTO township (id, name, district_id) VALUES (89, 'Labutta Township', 33);
INSERT INTO township (id, name, district_id) VALUES (90, 'Mawlamyinegyun Township', 33);
INSERT INTO township (id, name, district_id) VALUES (91, 'Ma-ubin Township', 34);
INSERT INTO township (id, name, district_id) VALUES (92, 'Nyaungdon Township', 34);
INSERT INTO township (id, name, district_id) VALUES (93, 'Danubyu Township', 34);
INSERT INTO township (id, name, district_id) VALUES (94, 'Myanaung Township', 35);
INSERT INTO township (id, name, district_id) VALUES (95, 'Myaungmya Township', 36);
INSERT INTO township (id, name, district_id) VALUES (96, 'Einme Township', 36);
INSERT INTO township (id, name, district_id) VALUES (97, 'Pathein Township', 37);
INSERT INTO township (id, name, district_id) VALUES (98, 'Ngapudaw Township', 37);
INSERT INTO township (id, name, district_id) VALUES (99, 'Ngathaingchaung Township', 37);
INSERT INTO township (id, name, district_id) VALUES (100, 'Pyapon Township', 38);
INSERT INTO township (id, name, district_id) VALUES (101, 'Bogale Township', 38);
INSERT INTO township (id, name, district_id) VALUES (102, 'Dedaye Township', 38);
INSERT INTO township (id, name, district_id) VALUES (103, 'Bago Township', 39);
INSERT INTO township (id, name, district_id) VALUES (104, 'Waw Township', 39);
INSERT INTO township (id, name, district_id) VALUES (105, 'Thanatpin Township', 39);
INSERT INTO township (id, name, district_id) VALUES (106, 'Nyaunglebin Township', 40);
INSERT INTO township (id, name, district_id) VALUES (107, 'Shwegyin Township', 40);
-- District ID 41
INSERT INTO township (id, name, district_id) VALUES (108, 'Nattalin Township', 41);
INSERT INTO township (id, name, district_id) VALUES (109, 'Zigon Township', 41);
INSERT INTO township (id, name, district_id) VALUES (110, 'Thegon Township', 41);

-- District ID 42
INSERT INTO township (id, name, district_id) VALUES (111, 'Pyay Township', 42);
INSERT INTO township (id, name, district_id) VALUES (112, 'Padaung Township', 42);
INSERT INTO township (id, name, district_id) VALUES (113, 'Shwedaung Township', 42);

-- District ID 43
INSERT INTO township (id, name, district_id) VALUES (114, 'Taungoo Township', 43);
INSERT INTO township (id, name, district_id) VALUES (115, 'Yedashe Township', 43);
INSERT INTO township (id, name, district_id) VALUES (116, 'Kyaukkyi Township', 43);

-- District ID 44
INSERT INTO township (id, name, district_id) VALUES (117, 'Tharrawaddy Township', 44);
INSERT INTO township (id, name, district_id) VALUES (118, 'Letpadan Township', 44);
INSERT INTO township (id, name, district_id) VALUES (119, 'Minhla Township', 44);

-- District ID 45
INSERT INTO township (id, name, district_id) VALUES (120, 'Gangaw Township', 45);
INSERT INTO township (id, name, district_id) VALUES (121, 'Saw Township', 45);
INSERT INTO township (id, name, district_id) VALUES (122, 'Tilin Township', 45);

-- District ID 46
INSERT INTO township (id, name, district_id) VALUES (123, 'Magway Township', 46);
INSERT INTO township (id, name, district_id) VALUES (124, 'Yenangyaung Township', 46);
INSERT INTO township (id, name, district_id) VALUES (125, 'Chauk Township', 46);

-- District ID 47
INSERT INTO township (id, name, district_id) VALUES (126, 'Minbu Township', 47);
INSERT INTO township (id, name, district_id) VALUES (127, 'Ngape Township', 47);
INSERT INTO township (id, name, district_id) VALUES (128, 'Sidoktaya Township', 47);

-- District ID 48
INSERT INTO township (id, name, district_id) VALUES (129, 'Pakokku Township', 48);
INSERT INTO township (id, name, district_id) VALUES (130, 'Pauk Township', 48);
INSERT INTO township (id, name, district_id) VALUES (131, 'Seikphyu Township', 48);

-- District ID 49
INSERT INTO township (id, name, district_id) VALUES (132, 'Thayet Township', 49);
INSERT INTO township (id, name, district_id) VALUES (133, 'Aunglan Township', 49);
INSERT INTO township (id, name, district_id) VALUES (134, 'Sinbaungwe Township', 49);

-- District ID 50
INSERT INTO township (id, name, district_id) VALUES (135, 'Kyaukse Township', 50);
INSERT INTO township (id, name, district_id) VALUES (136, 'Tada-U Township', 50);
INSERT INTO township (id, name, district_id) VALUES (137, 'Sintgaing Township', 50);

-- District ID 51
INSERT INTO township (id, name, district_id) VALUES (138, 'Mandalay Township', 51);
INSERT INTO township (id, name, district_id) VALUES (139, 'Amarapura Township', 51);
INSERT INTO township (id, name, district_id) VALUES (140, 'Chanayethazan Township', 51);

-- District ID 52
INSERT INTO township (id, name, district_id) VALUES (141, 'Meiktila Township', 52);
INSERT INTO township (id, name, district_id) VALUES (142, 'Mahlaing Township', 52);
INSERT INTO township (id, name, district_id) VALUES (143, 'Thazi Township', 52);

-- District ID 53
INSERT INTO township (id, name, district_id) VALUES (144, 'Myingyan Township', 53);
INSERT INTO township (id, name, district_id) VALUES (145, 'Taungtha Township', 53);
INSERT INTO township (id, name, district_id) VALUES (146, 'Natogyi Township', 53);

-- District ID 54
INSERT INTO township (id, name, district_id) VALUES (147, 'Nyaung-U Township', 54);
INSERT INTO township (id, name, district_id) VALUES (148, 'Kyaukpadaung Township', 54);

-- District ID 55
INSERT INTO township (id, name, district_id) VALUES (149, 'Pyin Oo Lwin Township', 55);
INSERT INTO township (id, name, district_id) VALUES (150, 'Singu Township', 55);
INSERT INTO township (id, name, district_id) VALUES (151, 'Madaya Township', 55);

-- District ID 56
INSERT INTO township (id, name, district_id) VALUES (152, 'Yamethin Township', 56);
INSERT INTO township (id, name, district_id) VALUES (153, 'Pyawbwe Township', 56);
INSERT INTO township (id, name, district_id) VALUES (154, 'Myittha Township', 56);

-- District ID 57
INSERT INTO township (id, name, district_id) VALUES (155, 'Hkamti Township', 57);
INSERT INTO township (id, name, district_id) VALUES (156, 'Homalin Township', 57);

-- District ID 58
INSERT INTO township (id, name, district_id) VALUES (157, 'Kalay Township', 58);
INSERT INTO township (id, name, district_id) VALUES (158, 'Tamu Township', 58);

-- District ID 59
INSERT INTO township (id, name, district_id) VALUES (159, 'Katha Township', 59);
INSERT INTO township (id, name, district_id) VALUES (160, 'Banmauk Township', 59);

-- District ID 60
INSERT INTO township (id, name, district_id) VALUES (161, 'Mawlaik Township', 60);
INSERT INTO township (id, name, district_id) VALUES (162, 'Paungbyin Township', 60);

-- District ID 61
INSERT INTO township (id, name, district_id) VALUES (163, 'Monywa Township', 61);
INSERT INTO township (id, name, district_id) VALUES (164, 'Chaung-U Township', 61);

-- District ID 62
INSERT INTO township (id, name, district_id) VALUES (165, 'Sagaing Township', 62);
INSERT INTO township (id, name, district_id) VALUES (166, 'Myinmu Township', 62);

-- District ID 63
INSERT INTO township (id, name, district_id) VALUES (167, 'Shwebo Township', 63);
INSERT INTO township (id, name, district_id) VALUES (168, 'Wetlet Township', 63);

-- District ID 64
INSERT INTO township (id, name, district_id) VALUES (169, 'Tamu Township', 64);

-- District ID 65
INSERT INTO township (id, name, district_id) VALUES (170, 'Dawei Township', 65);
INSERT INTO township (id, name, district_id) VALUES (171, 'Launglon Township', 65);

-- District ID 66
INSERT INTO township (id, name, district_id) VALUES (172, 'Kawthoung Township', 66);
INSERT INTO township (id, name, district_id) VALUES (173, 'Bokpyin Township', 66);

-- District ID 67
INSERT INTO township (id, name, district_id) VALUES (174, 'Myeik Township', 67);
INSERT INTO township (id, name, district_id) VALUES (175, 'Kyunsu Township', 67);

-- District ID 68
INSERT INTO township (id, name, district_id) VALUES (176, 'Tamwe Township', 68);
INSERT INTO township (id, name, district_id) VALUES (177, 'Botahtaung Township', 68);

-- District ID 69
INSERT INTO township (id, name, district_id) VALUES (178, 'Insein Township', 69);
INSERT INTO township (id, name, district_id) VALUES (179, 'Hlaing Township', 69);

-- District ID 70
INSERT INTO township (id, name, district_id) VALUES (180, 'Dala Township', 70);
INSERT INTO township (id, name, district_id) VALUES (181, 'Twantay Township', 70);

-- District ID 71
INSERT INTO township (id, name, district_id) VALUES (182, 'Ahlone Township', 71);
INSERT INTO township (id, name, district_id) VALUES (183, 'Sanchaung Township', 71);

-- District ID 72
INSERT INTO township (id, name, district_id) VALUES (184, 'Dekkhina Thiri Township', 72);

-- District ID 73
INSERT INTO township (id, name, district_id) VALUES (185, 'Ottarathiri Township', 73);

-- District ID 74
INSERT INTO township (id, name, district_id) VALUES (186, 'Pobbathiri Township', 74);

-- District ID 75
INSERT INTO township (id, name, district_id) VALUES (187, 'Tatkon Township', 75);

-- District ID 76
INSERT INTO township (id, name, district_id) VALUES (188, 'Zabuthiri Township', 76);












